isco_category,expected_male_pct,expected_female_pct
Managers,65.4,34.7
Professionals,42.2,57.8
Technicians,48.8,51.2
Clerks,27.9,72.1
Sales and Services,49.8,50.2
Craft and related trade,88.0,12.0
Plant and Machine Operators,88.5,11.6
Elementary Occupations,61.5,38.5
